<?xml version="1.0" encoding="UTF-8"?>
<root>
  <item name="com.dexafree.materialList.card.provider.ButtonCardProvider T setLeftButtonText(int) 0">
    <annotation name="android.support.annotation.StringRes" />
  </item>
  <item name="com.dexafree.materialList.card.provider.ButtonCardProvider T setLeftButtonTextColor(int) 0">
    <annotation name="android.support.annotation.ColorInt" />
  </item>
  <item name="com.dexafree.materialList.card.provider.ButtonCardProvider T setLeftButtonTextResourceColor(int) 0">
    <annotation name="android.support.annotation.ColorRes" />
  </item>
  <item name="com.dexafree.materialList.card.provider.ButtonCardProvider T setRightButtonText(int) 0">
    <annotation name="android.support.annotation.StringRes" />
  </item>
  <item name="com.dexafree.materialList.card.provider.ButtonCardProvider T setRightButtonTextColor(int) 0">
    <annotation name="android.support.annotation.ColorInt" />
  </item>
  <item name="com.dexafree.materialList.card.provider.ButtonCardProvider T setRightButtonTextResourceColor(int) 0">
    <annotation name="android.support.annotation.ColorRes" />
  </item>
  <item name="com.dexafree.materialList.card.provider.ButtonCardProvider int getLeftButtonTextColor()">
    <annotation name="android.support.annotation.ColorInt" />
  </item>
  <item name="com.dexafree.materialList.card.provider.ButtonCardProvider int getRightButtonTextColor()">
    <annotation name="android.support.annotation.ColorInt" />
  </item>
  <item name="com.dexafree.materialList.card.provider.ButtonCardProvider&lt;T&gt; mLeftButtonTextColor">
    <annotation name="android.support.annotation.ColorInt" />
  </item>
  <item name="com.dexafree.materialList.card.provider.ButtonCardProvider&lt;T&gt; mRightButtonTextColor">
    <annotation name="android.support.annotation.ColorInt" />
  </item>
  <item name="com.dexafree.materialList.card.provider.CardProvider T setBackgroundColor(int) 0">
    <annotation name="android.support.annotation.ColorInt" />
  </item>
  <item name="com.dexafree.materialList.card.provider.CardProvider T setBackgroundResourceColor(int) 0">
    <annotation name="android.support.annotation.ColorRes" />
  </item>
  <item name="com.dexafree.materialList.card.provider.CardProvider int getBackgroundColor()">
    <annotation name="android.support.annotation.ColorInt" />
  </item>
  <item name="com.dexafree.materialList.card.provider.CardProvider&lt;T&gt; mBackgroundColor">
    <annotation name="android.support.annotation.ColorInt" />
  </item>
  <item name="com.dexafree.materialList.card.provider.TextCardProvider T setDescription(int) 0">
    <annotation name="android.support.annotation.StringRes" />
  </item>
  <item name="com.dexafree.materialList.card.provider.TextCardProvider T setDescriptionColor(int) 0">
    <annotation name="android.support.annotation.ColorInt" />
  </item>
  <item name="com.dexafree.materialList.card.provider.TextCardProvider T setDescriptionResourceColor(int) 0">
    <annotation name="android.support.annotation.ColorRes" />
  </item>
  <item name="com.dexafree.materialList.card.provider.TextCardProvider T setDrawable(int) 0">
    <annotation name="android.support.annotation.DrawableRes" />
  </item>
  <item name="com.dexafree.materialList.card.provider.TextCardProvider T setTitle(int) 0">
    <annotation name="android.support.annotation.StringRes" />
  </item>
  <item name="com.dexafree.materialList.card.provider.TextCardProvider T setTitleColor(int) 0">
    <annotation name="android.support.annotation.ColorInt" />
  </item>
  <item name="com.dexafree.materialList.card.provider.TextCardProvider T setTitleResourceColor(int) 0">
    <annotation name="android.support.annotation.ColorRes" />
  </item>
  <item name="com.dexafree.materialList.card.provider.TextCardProvider int getDescriptionColor()">
    <annotation name="android.support.annotation.ColorInt" />
  </item>
  <item name="com.dexafree.materialList.card.provider.TextCardProvider int getTitleColor()">
    <annotation name="android.support.annotation.ColorInt" />
  </item>
  <item name="com.dexafree.materialList.card.provider.TextCardProvider&lt;T&gt; mDescriptionColor">
    <annotation name="android.support.annotation.ColorInt" />
  </item>
  <item name="com.dexafree.materialList.card.provider.TextCardProvider&lt;T&gt; mTitleColor">
    <annotation name="android.support.annotation.ColorInt" />
  </item>
  <item name="com.dexafree.materialList.card.provider.WelcomeCardProvider com.dexafree.materialList.card.provider.WelcomeCardProvider setButtonText(int) 0">
    <annotation name="android.support.annotation.StringRes" />
  </item>
  <item name="com.dexafree.materialList.card.provider.WelcomeCardProvider com.dexafree.materialList.card.provider.WelcomeCardProvider setButtonTextColor(int) 0">
    <annotation name="android.support.annotation.ColorInt" />
  </item>
  <item name="com.dexafree.materialList.card.provider.WelcomeCardProvider com.dexafree.materialList.card.provider.WelcomeCardProvider setButtonTextResourceColor(int) 0">
    <annotation name="android.support.annotation.ColorRes" />
  </item>
  <item name="com.dexafree.materialList.card.provider.WelcomeCardProvider com.dexafree.materialList.card.provider.WelcomeCardProvider setDividerColor(int) 0">
    <annotation name="android.support.annotation.ColorInt" />
  </item>
  <item name="com.dexafree.materialList.card.provider.WelcomeCardProvider com.dexafree.materialList.card.provider.WelcomeCardProvider setDividerResourceColor(int) 0">
    <annotation name="android.support.annotation.ColorRes" />
  </item>
  <item name="com.dexafree.materialList.card.provider.WelcomeCardProvider com.dexafree.materialList.card.provider.WelcomeCardProvider setSubtitle(int) 0">
    <annotation name="android.support.annotation.StringRes" />
  </item>
  <item name="com.dexafree.materialList.card.provider.WelcomeCardProvider com.dexafree.materialList.card.provider.WelcomeCardProvider setSubtitleColor(int) 0">
    <annotation name="android.support.annotation.ColorInt" />
  </item>
  <item name="com.dexafree.materialList.card.provider.WelcomeCardProvider com.dexafree.materialList.card.provider.WelcomeCardProvider setSubtitleResourceColor(int) 0">
    <annotation name="android.support.annotation.ColorRes" />
  </item>
  <item name="com.dexafree.materialList.card.provider.WelcomeCardProvider int getButtonTextColor()">
    <annotation name="android.support.annotation.ColorInt" />
  </item>
  <item name="com.dexafree.materialList.card.provider.WelcomeCardProvider int getDividerColor()">
    <annotation name="android.support.annotation.ColorInt" />
  </item>
  <item name="com.dexafree.materialList.card.provider.WelcomeCardProvider int getSubtitleColor()">
    <annotation name="android.support.annotation.ColorInt" />
  </item>
  <item name="com.dexafree.materialList.card.provider.WelcomeCardProvider mButtonTextColor">
    <annotation name="android.support.annotation.ColorInt" />
  </item>
  <item name="com.dexafree.materialList.card.provider.WelcomeCardProvider mDividerColor">
    <annotation name="android.support.annotation.ColorInt" />
  </item>
  <item name="com.dexafree.materialList.card.provider.WelcomeCardProvider mSubtitleColor">
    <annotation name="android.support.annotation.ColorInt" />
  </item>
</root>

